,effの予測(ラベル),effの予測(確率),vitの予測(ラベル),vitの予測(確率),eff+vitの平均での予測(ラベル),eff+vitの平均での予測(確率),真の値
0,0,"[0.8298153281211853, 0.16559021174907684, 0.0045944685116410255]",0,"[0.822282612323761, 0.16171005368232727, 0.01600741595029831]",0,"[0.8260489702224731, 0.16365012526512146, 0.01030094176530838]",0.0
1,2,"[1.8971013560076244e-06, 6.976411532377824e-05, 0.99992835521698]",2,"[0.0003842241712845862, 0.00902486126869917, 0.9905908703804016]",2,"[0.00019306063768453896, 0.00454731285572052, 0.9952596426010132]",2.0
2,1,"[0.0223302710801363, 0.7963219881057739, 0.18134775757789612]",1,"[0.19346295297145844, 0.7509230375289917, 0.055613923817873]",1,"[0.10789661109447479, 0.7736225128173828, 0.11848083883523941]",1.0
3,1,"[0.001360262860544026, 0.79609215259552, 0.20254753530025482]",1,"[0.022471830248832703, 0.7585829496383667, 0.21894530951976776]",1,"[0.01191604696214199, 0.7773375511169434, 0.2107464224100113]",2.0
4,1,"[0.27628904581069946, 0.7232658863067627, 0.00044505283585749567]",1,"[0.19380536675453186, 0.7585581541061401, 0.04763651266694069]",1,"[0.23504720628261566, 0.7409120202064514, 0.02404078282415867]",0.0
5,0,"[0.7226334810256958, 0.27392587065696716, 0.003440580563619733]",0,"[0.7279374003410339, 0.23482021689414978, 0.037242382764816284]",0,"[0.7252854108810425, 0.25437304377555847, 0.020341482013463974]",0.0
6,1,"[0.013543367385864258, 0.9178665280342102, 0.06859011203050613]",1,"[0.014847774058580399, 0.859749972820282, 0.12540222704410553]",1,"[0.014195570722222328, 0.8888082504272461, 0.09699617326259613]",1.0
7,2,"[9.326515282737091e-05, 0.0008945449371822178, 0.9990121126174927]",2,"[0.0012043623719364405, 0.03877266123890877, 0.9600229859352112]",2,"[0.0006488137878477573, 0.019833603873848915, 0.9795175790786743]",2.0
8,1,"[0.01596907153725624, 0.9834798574447632, 0.0005511959316208959]",0,"[0.6415371298789978, 0.33366093039512634, 0.024801917374134064]",1,"[0.32875311374664307, 0.658570408821106, 0.012676556594669819]",0.0
9,2,"[0.012537341564893723, 0.24453745782375336, 0.742925226688385]",2,"[0.0026660312432795763, 0.2074849158525467, 0.7898489832878113]",2,"[0.007601686287671328, 0.22601118683815002, 0.7663871049880981]",1.0
10,1,"[0.007323089521378279, 0.5706544518470764, 0.42202243208885193]",2,"[0.0010512920562177896, 0.13022379577159882, 0.8687249422073364]",2,"[0.004187190905213356, 0.3504391312599182, 0.6453737020492554]",2.0
11,0,"[0.9062365889549255, 0.0933956652879715, 0.0003677815548144281]",0,"[0.783980131149292, 0.18327459692955017, 0.03274526447057724]",0,"[0.8451083898544312, 0.13833513855934143, 0.016556523740291595]",1.0
12,1,"[0.06491231173276901, 0.9338988065719604, 0.0011889347806572914]",0,"[0.5061055421829224, 0.46587833762168884, 0.028016051277518272]",1,"[0.285508930683136, 0.6998885869979858, 0.01460249349474907]",0.0
13,1,"[0.0006531171384267509, 0.9983881711959839, 0.00095867965137586]",1,"[0.2997412383556366, 0.6032313704490662, 0.09702738374471664]",1,"[0.15019717812538147, 0.8008097410202026, 0.048993032425642014]",1.0
14,0,"[0.4991053342819214, 0.49361544847488403, 0.007279200945049524]",1,"[0.09999481588602066, 0.6946802139282227, 0.2053249478340149]",1,"[0.2995500862598419, 0.594147801399231, 0.10630207508802414]",1.0
15,1,"[0.4262400269508362, 0.5608924627304077, 0.01286751963198185]",1,"[0.09147646278142929, 0.8378390669822693, 0.07068446278572083]",1,"[0.25885823369026184, 0.6993657350540161, 0.04177599027752876]",1.0
16,2,"[8.947205969889183e-06, 0.00013973885506857187, 0.9998513460159302]",2,"[0.00046384063898585737, 0.016755802556872368, 0.9827803373336792]",2,"[0.00023639392748009413, 0.008447770960628986, 0.9913158416748047]",2.0
17,1,"[0.01836862973868847, 0.9112617373466492, 0.070369653403759]",1,"[0.007611697074025869, 0.8496444225311279, 0.14274387061595917]",1,"[0.012990163639187813, 0.8804531097412109, 0.10655675828456879]",1.0
18,1,"[0.004074516706168652, 0.9416671395301819, 0.0542583093047142]",1,"[0.002745093312114477, 0.762326717376709, 0.2349281907081604]",1,"[0.0034098050091415644, 0.851996898651123, 0.1445932537317276]",1.0
19,1,"[0.02385793626308441, 0.6357870697975159, 0.3403550088405609]",2,"[0.0031113559380173683, 0.27218133211135864, 0.7247073650360107]",2,"[0.013484645634889603, 0.45398420095443726, 0.532531201839447]",1.0
20,2,"[1.0028119277194492e-06, 8.421088568866253e-05, 0.9999147653579712]",2,"[0.001649936893954873, 0.027781635522842407, 0.9705683588981628]",2,"[0.0008254698477685452, 0.01393292285501957, 0.9852415323257446]",2.0
21,2,"[0.009360620751976967, 0.28374889492988586, 0.7068905234336853]",2,"[0.018715662881731987, 0.47886791825294495, 0.5024164319038391]",2,"[0.014038141816854477, 0.3813084065914154, 0.6046534776687622]",2.0
22,1,"[0.003923624288290739, 0.9935951828956604, 0.002481229370459914]",1,"[0.2624053657054901, 0.6645861864089966, 0.07300844043493271]",1,"[0.13316449522972107, 0.8290907144546509, 0.03774483501911163]",1.0
23,2,"[0.002069271169602871, 0.14177550375461578, 0.8561552166938782]",2,"[0.0008645171765238047, 0.07641283422708511, 0.9227226376533508]",2,"[0.0014668941730633378, 0.10909417271614075, 0.8894389271736145]",2.0
24,2,"[7.733505481155589e-05, 0.3178022801876068, 0.6821203827857971]",2,"[0.001967957243323326, 0.4118987023830414, 0.5861333608627319]",2,"[0.001022646203637123, 0.3648504912853241, 0.6341269016265869]",1.0
25,2,"[6.672743620583788e-05, 0.05062837526202202, 0.9493049383163452]",2,"[0.0014049570308998227, 0.13185682892799377, 0.8667382001876831]",2,"[0.0007358422153629363, 0.09124260395765305, 0.9080215692520142]",2.0
26,1,"[4.718918353319168e-05, 0.9982028007507324, 0.0017499824753031135]",1,"[0.0022173579782247543, 0.7477102875709534, 0.2500723600387573]",1,"[0.001132273580878973, 0.8729565143585205, 0.1259111762046814]",1.0
27,1,"[0.479548841714859, 0.5200926661491394, 0.0003585578815545887]",1,"[0.2988077998161316, 0.6347528100013733, 0.06643935292959213]",1,"[0.3891783356666565, 0.5774227380752563, 0.033398956060409546]",1.0
28,0,"[0.5638009905815125, 0.3427082300186157, 0.09349082410335541]",0,"[0.7088318467140198, 0.24487562477588654, 0.046292562037706375]",0,"[0.6363164186477661, 0.29379191994667053, 0.06989169120788574]",0.0
29,1,"[0.0010842086048796773, 0.9822788238525391, 0.01663699932396412]",0,"[0.5516119003295898, 0.410811185836792, 0.03757691755890846]",1,"[0.2763480544090271, 0.6965450048446655, 0.027106959372758865]",0.0
30,2,"[3.496799763524905e-05, 0.04178561270236969, 0.9581794142723083]",2,"[0.00030495825922116637, 0.049642302095890045, 0.950052797794342]",2,"[0.0001699631247902289, 0.04571395739912987, 0.9541161060333252]",2.0
31,1,"[0.004663459956645966, 0.639230489730835, 0.35610613226890564]",2,"[0.0011703177588060498, 0.21171031892299652, 0.7871193289756775]",2,"[0.002916888799518347, 0.42547041177749634, 0.5716127157211304]",2.0
32,1,"[0.06065243482589722, 0.9110730886459351, 0.02827444300055504]",1,"[0.4502636790275574, 0.5021534562110901, 0.047582827508449554]",1,"[0.2554580569267273, 0.706613302230835, 0.03792863339185715]",0.0
33,1,"[0.47507721185684204, 0.5201005935668945, 0.004822219256311655]",1,"[0.41609087586402893, 0.5342956781387329, 0.049613501876592636]",1,"[0.4455840587615967, 0.5271981358528137, 0.027217861264944077]",0.0
34,1,"[0.0016247150488197803, 0.973344624042511, 0.025030696764588356]",2,"[0.0017408261774107814, 0.2024664282798767, 0.7957927584648132]",1,"[0.0016827706713229418, 0.5879055261611938, 0.4104117155075073]",1.0
35,1,"[5.687083103111945e-05, 0.9788435697555542, 0.021099617704749107]",2,"[0.0010982239618897438, 0.30519983172416687, 0.6937019228935242]",1,"[0.0005775474128313363, 0.6420217156410217, 0.3574007749557495]",2.0
36,1,"[0.062072914093732834, 0.9349762797355652, 0.00295088323764503]",1,"[0.15397819876670837, 0.753447413444519, 0.09257438033819199]",1,"[0.10802555829286575, 0.8442118167877197, 0.04776263236999512]",1.0
37,0,"[0.5743986964225769, 0.42530208826065063, 0.000299175240797922]",0,"[0.8169867992401123, 0.16054077446460724, 0.022472456097602844]",0,"[0.695692777633667, 0.29292142391204834, 0.011385815218091011]",0.0
38,1,"[0.009662406519055367, 0.9676086902618408, 0.02272890880703926]",1,"[0.11610198765993118, 0.7609829902648926, 0.12291499972343445]",1,"[0.062882199883461, 0.8642958402633667, 0.0728219524025917]",1.0
39,0,"[0.9859785437583923, 0.014005176723003387, 1.619958675291855e-05]",0,"[0.7054713368415833, 0.26291459798812866, 0.03161409869790077]",0,"[0.8457249402999878, 0.13845989108085632, 0.01581514999270439]",0.0
40,1,"[0.0001756375131662935, 0.9987693428993225, 0.0010549875441938639]",1,"[0.16727039217948914, 0.7398484945297241, 0.09288114309310913]",1,"[0.08372301608324051, 0.8693089485168457, 0.046968065202236176]",1.0
41,2,"[2.2298836483969353e-06, 0.000258945015957579, 0.999738872051239]",2,"[0.0009997455636039376, 0.1808861643075943, 0.8181141018867493]",2,"[0.0005009877495467663, 0.09057255834341049, 0.9089264869689941]",2.0
42,0,"[0.9600620865821838, 0.039931513369083405, 6.40043435851112e-06]",0,"[0.6795286536216736, 0.2959080636501312, 0.024563215672969818]",0,"[0.8197953701019287, 0.16791978478431702, 0.012284807860851288]",0.0
43,0,"[0.9800975918769836, 0.0198629479855299, 3.947283039451577e-05]",0,"[0.6381543874740601, 0.32108432054519653, 0.040761347860097885]",0,"[0.8091260194778442, 0.1704736351966858, 0.020400410518050194]",0.0
44,2,"[4.619795799953863e-05, 0.0088229700922966, 0.9911308288574219]",2,"[0.0004682864237111062, 0.030969271436333656, 0.9685624241828918]",2,"[0.000257242179941386, 0.019896119832992554, 0.9798465967178345]",2.0
45,2,"[4.29271676694043e-06, 0.004290963523089886, 0.995704710483551]",2,"[0.0004843617498409003, 0.082700714468956, 0.916814923286438]",2,"[0.0002443272387608886, 0.04349583759903908, 0.9562598466873169]",2.0
46,1,"[0.11052044481039047, 0.8889343738555908, 0.0005452072364278138]",0,"[0.5730067491531372, 0.39251697063446045, 0.03447624295949936]",1,"[0.34176358580589294, 0.6407256722450256, 0.017510725185275078]",1.0
47,1,"[0.0003394174564164132, 0.9996305704116821, 3.006359293067362e-05]",1,"[0.20903293788433075, 0.7131400108337402, 0.07782699912786484]",1,"[0.1046861782670021, 0.8563852906227112, 0.03892853111028671]",1.0
48,1,"[0.3011295199394226, 0.6866785287857056, 0.012191933579742908]",1,"[0.03179817646741867, 0.838056206703186, 0.1301456242799759]",1,"[0.16646385192871094, 0.7623673677444458, 0.07116878032684326]",1.0
49,0,"[0.7269185781478882, 0.2716769278049469, 0.0014043981209397316]",0,"[0.7306075096130371, 0.2381068766117096, 0.03128566965460777]",0,"[0.7287630438804626, 0.25489190220832825, 0.016345033422112465]",1.0
50,0,"[0.7423135042190552, 0.237517312169075, 0.02016926370561123]",0,"[0.8254284262657166, 0.1328849494457245, 0.04168662056326866]",0,"[0.7838709354400635, 0.18520113825798035, 0.03092794120311737]",0.0
51,1,"[0.05741415172815323, 0.9121132493019104, 0.03047252632677555]",1,"[0.08882999420166016, 0.6502149701118469, 0.26095500588417053]",1,"[0.0731220692396164, 0.7811641097068787, 0.14571376144886017]",1.0
52,2,"[1.882157266663853e-05, 0.0022448680829256773, 0.9977363348007202]",2,"[0.0005646287463605404, 0.06833559274673462, 0.9310997128486633]",2,"[0.00029172515496611595, 0.03529023006558418, 0.9644180536270142]",2.0
53,2,"[0.00016195887292269617, 0.0032108481973409653, 0.9966272115707397]",2,"[0.0005987615440972149, 0.04304546117782593, 0.9563558101654053]",2,"[0.00038036020123399794, 0.02312815561890602, 0.9764915108680725]",2.0
54,2,"[0.025669865310192108, 0.41077566146850586, 0.5635545253753662]",1,"[0.1506716012954712, 0.7743527293205261, 0.0749756470322609]",1,"[0.08817073702812195, 0.5925642251968384, 0.31926509737968445]",0.0
55,0,"[0.9816521406173706, 0.016351984813809395, 0.0019958920311182737]",0,"[0.7878267765045166, 0.19162091612815857, 0.02055228129029274]",0,"[0.8847394585609436, 0.10398644953966141, 0.011274086311459541]",0.0
56,1,"[0.0013505512615665793, 0.5684450268745422, 0.43020445108413696]",1,"[0.00328836590051651, 0.7627502679824829, 0.2339613437652588]",1,"[0.0023194586392492056, 0.665597677230835, 0.3320828974246979]",1.0
57,1,"[0.24501733481884003, 0.7548155784606934, 0.00016709414194338024]",0,"[0.6057635545730591, 0.34679165482521057, 0.047444794327020645]",1,"[0.42539045214653015, 0.5508036017417908, 0.023805944249033928]",0.0
58,2,"[8.2942089647986e-05, 0.0011260637547820807, 0.9987910389900208]",2,"[0.0014250708045437932, 0.11281436681747437, 0.8857606053352356]",2,"[0.000754006439819932, 0.05697021633386612, 0.9422758221626282]",2.0
59,2,"[5.503971465259383e-07, 9.039638098329306e-05, 0.9999090433120728]",2,"[0.00021061483130324632, 0.009042446501553059, 0.9907469749450684]",2,"[0.00010558261419646442, 0.004566421266645193, 0.9953280091285706]",2.0
60,1,"[0.0021865067537873983, 0.9250772595405579, 0.07273631542921066]",1,"[0.009952175430953503, 0.6489995718002319, 0.3410481810569763]",1,"[0.006069341208785772, 0.7870384454727173, 0.2068922519683838]",1.0
61,0,"[0.9855190515518188, 0.01443964708596468, 4.139275188208558e-05]",0,"[0.6529266238212585, 0.31043127179145813, 0.03664209321141243]",0,"[0.8192228078842163, 0.16243545711040497, 0.01834174245595932]",0.0
62,0,"[0.9406959414482117, 0.05711442604660988, 0.0021896741818636656]",0,"[0.5689358115196228, 0.3852751553058624, 0.04578900337219238]",0,"[0.7548158764839172, 0.221194788813591, 0.02398933842778206]",0.0
63,0,"[0.9987735152244568, 0.0011637472780421376, 6.272107566474006e-05]",0,"[0.917952835559845, 0.06574578583240509, 0.016301443800330162]",0,"[0.9583631753921509, 0.0334547683596611, 0.008182082325220108]",1.0
64,2,"[0.004008603282272816, 0.08156919479370117, 0.9144222736358643]",1,"[0.0035653049126267433, 0.5722815990447998, 0.42415308952331543]",2,"[0.0037869540974497795, 0.3269253969192505, 0.6692876815795898]",1.0
65,1,"[0.022903429344296455, 0.9744471311569214, 0.0026494241319596767]",0,"[0.523784875869751, 0.45119670033454895, 0.025018421933054924]",1,"[0.27334415912628174, 0.712821900844574, 0.013833923265337944]",0.0
66,2,"[0.00041725003393366933, 0.0018174779834225774, 0.997765302658081]",1,"[0.02097584679722786, 0.7361614108085632, 0.2428627461194992]",2,"[0.010696548037230968, 0.3689894378185272, 0.6203140020370483]",2.0
67,0,"[0.9784166812896729, 0.02157924324274063, 4.092140898137586e-06]",0,"[0.5510289072990417, 0.40639153122901917, 0.0425795242190361]",0,"[0.7647228240966797, 0.2139853835105896, 0.021291807293891907]",0.0
68,1,"[0.017690204083919525, 0.9820490479469299, 0.00026076845824718475]",1,"[0.30313727259635925, 0.6445976495742798, 0.052265092730522156]",1,"[0.1604137420654297, 0.8133233785629272, 0.026262931525707245]",1.0
69,1,"[0.11199823021888733, 0.8777747750282288, 0.01022701058536768]",0,"[0.5536839365959167, 0.41476765275001526, 0.031548455357551575]",1,"[0.33284109830856323, 0.6462712287902832, 0.02088773250579834]",0.0
70,1,"[0.06968960911035538, 0.9301846623420715, 0.00012570318358484656]",0,"[0.622892439365387, 0.35664358735084534, 0.020463963970541954]",1,"[0.34629103541374207, 0.6434141397476196, 0.010294833220541477]",0.0
71,2,"[0.0001152214827015996, 0.0011307784589007497, 0.9987540245056152]",2,"[0.0007409508689306676, 0.01917334832251072, 0.9800856709480286]",2,"[0.0004280861758161336, 0.010152063332498074, 0.9894198179244995]",2.0
72,2,"[4.608746530720964e-05, 0.00020319661416579038, 0.9997506737709045]",2,"[0.0010997005738317966, 0.06223716214299202, 0.9366631507873535]",2,"[0.0005728940013796091, 0.031220179051160812, 0.9682068824768066]",2.0
73,2,"[0.00017998667317442596, 0.002968395594507456, 0.9968516230583191]",2,"[0.002604355104267597, 0.4002417027950287, 0.5971540212631226]",2,"[0.0013921709032729268, 0.20160505175590515, 0.7970027923583984]",1.0
74,1,"[0.006614248268306255, 0.9862601161003113, 0.00712562957778573]",0,"[0.6041513681411743, 0.3355182409286499, 0.060330383479595184]",1,"[0.3053828179836273, 0.6608891487121582, 0.03372800722718239]",0.0
75,1,"[0.003040947485715151, 0.9218121767044067, 0.0751468762755394]",2,"[0.0021213393192738295, 0.3177144229412079, 0.6801642179489136]",1,"[0.0025811432860791683, 0.6197633147239685, 0.3776555359363556]",2.0
76,0,"[0.999991774559021, 8.261536095233168e-06, 9.389752086974568e-09]",0,"[0.8906175494194031, 0.09684578329324722, 0.012536665424704552]",0,"[0.9453046321868896, 0.048427022993564606, 0.006268337368965149]",1.0
77,2,"[6.366568413795903e-05, 0.0009034399990923703, 0.9990328550338745]",2,"[0.0026513542979955673, 0.12524522840976715, 0.8721034526824951]",2,"[0.0013575099874287844, 0.06307433545589447, 0.9355681538581848]",2.0
78,2,"[0.000791153113823384, 0.004426839295774698, 0.994782030582428]",1,"[0.29326000809669495, 0.6107589602470398, 0.09598106145858765]",2,"[0.14702558517456055, 0.30759289860725403, 0.5453815460205078]",2.0
79,1,"[0.0010322427842766047, 0.9975159168243408, 0.001451806165277958]",1,"[0.09778442978858948, 0.7807295322418213, 0.12148608267307281]",1,"[0.049408335238695145, 0.889122724533081, 0.0614689439535141]",0.0
80,1,"[0.001247831736691296, 0.9985591769218445, 0.00019293233344797045]",0,"[0.6963659524917603, 0.26560553908348083, 0.038028549402952194]",1,"[0.34880688786506653, 0.6320823431015015, 0.01911074109375477]",0.0
81,1,"[0.13283436000347137, 0.854675829410553, 0.012489822693169117]",0,"[0.6493392586708069, 0.31484663486480713, 0.03581412136554718]",1,"[0.3910868167877197, 0.5847612619400024, 0.02415197156369686]",0.0
82,2,"[8.374457684112713e-05, 0.026672406122088432, 0.9732438921928406]",2,"[0.0007525457767769694, 0.10797865688800812, 0.8912688493728638]",2,"[0.0004181451804470271, 0.06732553243637085, 0.9322563409805298]",2.0
83,0,"[0.9997932314872742, 0.00020652537932619452, 2.1905349001372088e-07]",0,"[0.941294252872467, 0.0485110878944397, 0.010194758884608746]",0,"[0.9705437421798706, 0.024358807131648064, 0.00509748887270689]",0.0
84,0,"[0.8552706837654114, 0.14230991899967194, 0.002419412601739168]",1,"[0.07425710558891296, 0.7698885202407837, 0.15585441887378693]",0,"[0.464763879776001, 0.4560992121696472, 0.0791369155049324]",0.0
85,2,"[1.5745722521387506e-06, 0.00034777779364958405, 0.9996505975723267]",2,"[0.0004680124984588474, 0.016353821381926537, 0.9831781983375549]",2,"[0.0002347935369471088, 0.008350799791514874, 0.9914144277572632]",2.0
86,1,"[0.03152349218726158, 0.9442169070243835, 0.02425958588719368]",0,"[0.6330937743186951, 0.3228883743286133, 0.04401785135269165]",1,"[0.3323086202144623, 0.6335526704788208, 0.034138716757297516]",1.0
87,2,"[3.933938842237694e-06, 0.0002782977244351059, 0.9997177720069885]",2,"[0.0017927881563082337, 0.06313365697860718, 0.9350734949111938]",2,"[0.0008983610314317048, 0.03170597553253174, 0.9673956632614136]",2.0
88,0,"[0.9997075200080872, 0.00029195190290920436, 4.3170058461328153e-07]",0,"[0.653753399848938, 0.29943758249282837, 0.046809013932943344]",0,"[0.826730489730835, 0.14986476302146912, 0.023404723033308983]",0.0
89,1,"[0.023715650662779808, 0.9165036678314209, 0.059780657291412354]",1,"[0.35620763897895813, 0.5588626861572266, 0.08492965996265411]",1,"[0.18996164202690125, 0.7376831769943237, 0.07235515862703323]",1.0
90,0,"[0.623046875, 0.3606297969818115, 0.016323309391736984]",1,"[0.3705828785896301, 0.5476564764976501, 0.08176059275865555]",0,"[0.49681487679481506, 0.45414313673973083, 0.04904194921255112]",0.0
91,1,"[0.014821849763393402, 0.9419087171554565, 0.04326946288347244]",0,"[0.7500786185264587, 0.216616690158844, 0.03330462798476219]",1,"[0.3824502229690552, 0.5792627334594727, 0.03828704357147217]",0.0
92,1,"[0.38642314076423645, 0.6135056018829346, 7.125250704120845e-05]",0,"[0.5782142281532288, 0.37873223423957825, 0.04305356368422508]",1,"[0.4823186993598938, 0.4961189031600952, 0.02156240865588188]",1.0
93,2,"[7.21554488336551e-06, 0.0001237608666997403, 0.9998689889907837]",2,"[0.00022572590387426317, 0.016893601045012474, 0.9828806519508362]",2,"[0.00011647072096820921, 0.008508681319653988, 0.9913748502731323]",2.0
94,0,"[0.9968187808990479, 0.003179943887516856, 1.325196421930741e-06]",0,"[0.7925481200218201, 0.1655741184949875, 0.04187779873609543]",0,"[0.8946834802627563, 0.08437702804803848, 0.02093956246972084]",0.0
95,1,"[0.3211590349674225, 0.6783744692802429, 0.0004664644948206842]",0,"[0.8481064438819885, 0.143517404794693, 0.008376223035156727]",0,"[0.5846327543258667, 0.41094595193862915, 0.004421343561261892]",0.0
96,1,"[0.006970809306949377, 0.9911194443702698, 0.0019098195480182767]",0,"[0.6259514093399048, 0.32947707176208496, 0.04457154497504234]",1,"[0.31646111607551575, 0.660298228263855, 0.02324068173766136]",1.0
97,0,"[0.988375186920166, 0.011525483801960945, 9.931589011102915e-05]",0,"[0.8512763381004333, 0.12949790060520172, 0.01922580413520336]",0,"[0.9198257923126221, 0.07051169127225876, 0.009662560187280178]",0.0
98,1,"[0.015035583637654781, 0.9848875999450684, 7.677834946662188e-05]",0,"[0.787494421005249, 0.20021355152130127, 0.012292050756514072]",1,"[0.4012649953365326, 0.5925505757331848, 0.006184414494782686]",1.0
99,1,"[0.044424597173929214, 0.8312632441520691, 0.12431219220161438]",2,"[0.0027815906796604395, 0.49499455094337463, 0.5022238492965698]",1,"[0.02360309474170208, 0.6631289124488831, 0.3132680058479309]",0.0
100,0,"[0.9862352013587952, 0.013673108071088791, 9.16853969101794e-05]",0,"[0.6515592336654663, 0.33097338676452637, 0.017467394471168518]",0,"[0.8188972473144531, 0.17232324182987213, 0.008779539726674557]",1.0
101,0,"[0.9998252987861633, 0.00017275413847528398, 2.003998133659479e-06]",0,"[0.7834854125976562, 0.19165782630443573, 0.024856798350811005]",0,"[0.8916553258895874, 0.095915287733078, 0.012429401278495789]",1.0
102,1,"[0.04295308142900467, 0.950186550617218, 0.006860345136374235]",1,"[0.06310436129570007, 0.8625436425209045, 0.07435200363397598]",1,"[0.05302872136235237, 0.9063650965690613, 0.04060617461800575]",1.0
103,1,"[0.02349565550684929, 0.91853928565979, 0.05796511471271515]",1,"[0.052964869886636734, 0.5207122564315796, 0.4263228476047516]",1,"[0.03823026269674301, 0.7196257710456848, 0.24214398860931396]",1.0
104,1,"[0.23305447399616241, 0.7668007016181946, 0.0001447714021196589]",0,"[0.4883524477481842, 0.42372119426727295, 0.08792626112699509]",1,"[0.3607034683227539, 0.5952609777450562, 0.04403551667928696]",1.0
105,1,"[0.2962615489959717, 0.696638822555542, 0.007099594920873642]",0,"[0.6976379156112671, 0.28014180064201355, 0.022220369428396225]",0,"[0.4969497323036194, 0.48839032649993896, 0.014659982174634933]",1.0
106,1,"[0.10209836810827255, 0.810606837272644, 0.08729482442140579]",1,"[0.3091993033885956, 0.4872312545776367, 0.2035694271326065]",1,"[0.20564883947372437, 0.6489190459251404, 0.14543212950229645]",1.0
107,2,"[1.1563528460101224e-05, 0.0012347835581749678, 0.9987536668777466]",2,"[0.0011999846901744604, 0.23488831520080566, 0.7639116644859314]",2,"[0.0006057741120457649, 0.11806154996156693, 0.8813326358795166]",2.0
108,2,"[1.3498156476998702e-06, 7.447910320479423e-05, 0.9999241828918457]",2,"[0.0003900099836755544, 0.020798666402697563, 0.9788113236427307]",2,"[0.00019567989511415362, 0.010436573065817356, 0.9893677234649658]",2.0
109,2,"[5.076648903923342e-06, 0.0011619114084169269, 0.9988330006599426]",2,"[0.0014858582289889455, 0.4628281593322754, 0.5356860160827637]",2,"[0.0007454674341715872, 0.23199503123760223, 0.7672594785690308]",2.0
110,2,"[3.970298348576762e-05, 0.049271099269390106, 0.9506892561912537]",2,"[0.002964841201901436, 0.4622569680213928, 0.5347782373428345]",2,"[0.0015022720908746123, 0.25576403737068176, 0.7427337169647217]",2.0
111,0,"[0.8593672513961792, 0.13495361804962158, 0.005679138470441103]",0,"[0.5489943027496338, 0.3956686556339264, 0.05533704161643982]",0,"[0.7041807770729065, 0.2653111219406128, 0.030508089810609818]",0.0
112,0,"[0.7346494793891907, 0.2608117163181305, 0.004538894630968571]",1,"[0.07287653535604477, 0.8133174180984497, 0.11380606144666672]",1,"[0.4037629961967468, 0.5370645523071289, 0.05917247757315636]",0.0
113,2,"[0.00010569824371486902, 0.049258921295404434, 0.9506353735923767]",2,"[0.0006324414280243218, 0.05445012077689171, 0.9449173808097839]",2,"[0.0003690698358695954, 0.05185452103614807, 0.9477763772010803]",2.0
114,2,"[0.00018063746392726898, 0.009920774959027767, 0.9898986220359802]",2,"[0.0004101557133253664, 0.030011462047696114, 0.9695783853530884]",2,"[0.0002953966031782329, 0.019966118037700653, 0.9797384738922119]",2.0
115,0,"[0.9984287619590759, 0.0015678214840590954, 3.3068158700189088e-06]",0,"[0.8910698294639587, 0.09786412864923477, 0.011066078208386898]",0,"[0.9447492957115173, 0.04971597343683243, 0.005534692667424679]",0.0
116,0,"[0.9999682903289795, 3.1439598387805745e-05, 1.9157283759341226e-07]",0,"[0.9095640182495117, 0.06343281269073486, 0.02700318768620491]",0,"[0.9547661542892456, 0.03173212707042694, 0.01350168976932764]",0.0
117,2,"[3.900451702065766e-06, 0.00042517200927250087, 0.999570906162262]",2,"[0.0013490155106410384, 0.1696387380361557, 0.8290122151374817]",2,"[0.0006764580029994249, 0.08503195643424988, 0.9142915606498718]",2.0
118,0,"[0.9874645471572876, 0.01182467583566904, 0.0007107601268216968]",0,"[0.9106307029724121, 0.07473306357860565, 0.014636283740401268]",0,"[0.9490476250648499, 0.04327886924147606, 0.007673521991819143]",0.0
119,0,"[0.8746675252914429, 0.12527766823768616, 5.4844967962708324e-05]",0,"[0.706804633140564, 0.24973316490650177, 0.043462179601192474]",0,"[0.7907360792160034, 0.18750542402267456, 0.021758511662483215]",1.0
120,0,"[0.9886990189552307, 0.011261427775025368, 3.957076114602387e-05]",1,"[0.46403712034225464, 0.5031110048294067, 0.03285190090537071]",0,"[0.7263680696487427, 0.2571862041950226, 0.016445735469460487]",0.0
121,1,"[0.013262723572552204, 0.9852331280708313, 0.0015041653532534838]",1,"[0.22429007291793823, 0.6541700959205627, 0.12153984606266022]",1,"[0.11877639591693878, 0.819701611995697, 0.06152200698852539]",1.0
122,0,"[0.906877338886261, 0.09172837436199188, 0.0013942552031949162]",0,"[0.8540953993797302, 0.1295304149389267, 0.01637418568134308]",0,"[0.8804863691329956, 0.11062939465045929, 0.008884220384061337]",0.0
123,2,"[8.007808355614543e-05, 0.0012359367683529854, 0.9986839890480042]",2,"[0.0013838220620527864, 0.12314608693122864, 0.8754700422286987]",2,"[0.0007319500437006354, 0.06219101324677467, 0.9370770454406738]",2.0
124,2,"[0.0019026134395971894, 0.03828461095690727, 0.9598127603530884]",2,"[0.0006575895822606981, 0.08736386150121689, 0.9119786024093628]",2,"[0.0012801014818251133, 0.06282423436641693, 0.9358956813812256]",1.0
125,0,"[0.9931341409683228, 0.006860272493213415, 5.547857654164545e-06]",0,"[0.7920776605606079, 0.1897881180047989, 0.01813426986336708]",0,"[0.8926059007644653, 0.09832419455051422, 0.009069908410310745]",0.0
126,1,"[0.3811870813369751, 0.6140074133872986, 0.004805529490113258]",1,"[0.06227383762598038, 0.7457562685012817, 0.1919698715209961]",1,"[0.22173045575618744, 0.6798818111419678, 0.0983877032995224]",0.0
127,1,"[0.0015924650942906737, 0.965099573135376, 0.033307887613773346]",1,"[0.003457422833889723, 0.5293871760368347, 0.4671553671360016]",1,"[0.002524944022297859, 0.7472434043884277, 0.25023162364959717]",1.0
128,1,"[0.15397107601165771, 0.8453570604324341, 0.0006718996446579695]",1,"[0.3782719075679779, 0.5684658288955688, 0.053262192755937576]",1,"[0.266121506690979, 0.7069114446640015, 0.026967046782374382]",0.0
129,1,"[0.010563047602772713, 0.7508761286735535, 0.23856079578399658]",2,"[0.001240748562850058, 0.1111525446176529, 0.8876067399978638]",2,"[0.005901898257434368, 0.4310143291950226, 0.5630837678909302]",2.0
130,2,"[2.5737734176800586e-05, 0.0013873580610379577, 0.998586893081665]",2,"[0.0010961430380120873, 0.2460661232471466, 0.7528377175331116]",2,"[0.0005609403597190976, 0.1237267404794693, 0.8757122755050659]",1.0
131,2,"[1.9124745449516922e-06, 0.00014880739036016166, 0.9998492002487183]",2,"[0.0007171843899413943, 0.03132465109229088, 0.9679581522941589]",2,"[0.0003595484304241836, 0.01573672890663147, 0.9839036464691162]",2.0
132,2,"[6.218327325768769e-05, 0.04792049899697304, 0.9520173072814941]",2,"[0.00020700893946923316, 0.006875097751617432, 0.9929178357124329]",2,"[0.00013459610636346042, 0.027397798374295235, 0.9724675416946411]",2.0
133,1,"[0.1507621705532074, 0.7285058498382568, 0.12073200941085815]",0,"[0.6419957876205444, 0.3047409653663635, 0.05326317995786667]",1,"[0.3963789939880371, 0.5166233777999878, 0.08699759840965271]",1.0
134,1,"[2.5500938136246987e-05, 0.5768942832946777, 0.4230802357196808]",2,"[0.0013559972867369652, 0.3827528655529022, 0.6158912181854248]",2,"[0.0006907490896992385, 0.47982358932495117, 0.5194857120513916]",2.0
135,1,"[0.0540836863219738, 0.9416500926017761, 0.004266137257218361]",1,"[0.08387761563062668, 0.7213432192802429, 0.194779172539711]",1,"[0.06898064911365509, 0.8314966559410095, 0.0995226576924324]",1.0
136,1,"[0.2785203456878662, 0.7191866636276245, 0.0022930512204766273]",0,"[0.631572425365448, 0.30988645553588867, 0.05854114517569542]",1,"[0.4550463855266571, 0.5145365595817566, 0.030417097732424736]",0.0
137,2,"[5.289623368298635e-05, 0.022324567660689354, 0.9776225090026855]",2,"[0.0008260260219685733, 0.0825296938419342, 0.916644275188446]",2,"[0.0004394611169118434, 0.052427131682634354, 0.9471334218978882]",2.0
138,1,"[0.005238872021436691, 0.9808699488639832, 0.01389116421341896]",1,"[0.004969652742147446, 0.546157956123352, 0.448872447013855]",1,"[0.0051042623817920685, 0.7635139226913452, 0.23138180375099182]",2.0
139,2,"[6.391999249899527e-06, 0.00025006686337292194, 0.9997435212135315]",2,"[0.0007920263451524079, 0.031097253784537315, 0.9681107401847839]",2,"[0.0003992091806139797, 0.01567365974187851, 0.9839271306991577]",2.0
140,0,"[0.9982506632804871, 0.0017476289067417383, 1.6825335933390306e-06]",0,"[0.9126657247543335, 0.07857933640480042, 0.008754999376833439]",0,"[0.9554581642150879, 0.04016348347067833, 0.0043783411383628845]",0.0
141,2,"[1.1249749150010757e-05, 0.0015279916115105152, 0.9984607696533203]",2,"[0.0009919905569404364, 0.038714732974767685, 0.9602932333946228]",2,"[0.0005016201757825911, 0.020121362060308456, 0.979377031326294]",2.0
142,1,"[0.006883198395371437, 0.7008222341537476, 0.29229453206062317]",1,"[0.002822257811203599, 0.6149100065231323, 0.3822677433490753]",1,"[0.004852727986872196, 0.6578661203384399, 0.33728113770484924]",1.0
143,0,"[0.5540778636932373, 0.4453897774219513, 0.0005323975929059088]",0,"[0.8048062920570374, 0.1739572435617447, 0.021236401051282883]",0,"[0.6794420480728149, 0.3096735179424286, 0.010884399525821209]",1.0
144,0,"[0.8835182189941406, 0.11634698510169983, 0.00013477054017130286]",0,"[0.6239427924156189, 0.3316749632358551, 0.04438227415084839]",0,"[0.7537305355072021, 0.22401097416877747, 0.022258521988987923]",0.0
145,0,"[0.7681818604469299, 0.22743068635463715, 0.004387390799820423]",1,"[0.42761602997779846, 0.5049073100090027, 0.06747674942016602]",0,"[0.5978989601135254, 0.3661690056324005, 0.03593207150697708]",0.0
146,2,"[0.006608024705201387, 0.1644987314939499, 0.8288933038711548]",0,"[0.5998368263244629, 0.36786216497421265, 0.03230105713009834]",2,"[0.3032224178314209, 0.26618045568466187, 0.430597186088562]",2.0
147,1,"[0.03869546204805374, 0.6836515069007874, 0.2776529788970947]",1,"[0.1117413267493248, 0.6336764097213745, 0.2545822560787201]",1,"[0.07521839439868927, 0.6586639881134033, 0.2661176323890686]",0.0
148,0,"[0.5822287201881409, 0.41727426648139954, 0.000497040047775954]",0,"[0.7049477100372314, 0.25356540083885193, 0.04148689657449722]",0,"[0.6435881853103638, 0.33541983366012573, 0.020991967990994453]",1.0
149,2,"[1.5026816072349902e-05, 0.0022716003004461527, 0.9977133274078369]",2,"[0.0003974938881583512, 0.06716325134038925, 0.9324392676353455]",2,"[0.00020626034529414028, 0.03471742570400238, 0.9650763273239136]",2.0
150,0,"[0.5869224071502686, 0.4128144681453705, 0.0002631491224747151]",0,"[0.796829879283905, 0.18893401324748993, 0.0142361456528306]",0,"[0.6918761730194092, 0.3008742332458496, 0.007249647285789251]",0.0
151,1,"[0.02454376593232155, 0.8853628039360046, 0.09009336680173874]",1,"[0.02415343187749386, 0.7320276498794556, 0.24381892383098602]",1,"[0.02434859797358513, 0.8086951971054077, 0.16695614159107208]",1.0
152,0,"[0.8923637866973877, 0.10686405748128891, 0.0007721346337348223]",0,"[0.9208186268806458, 0.0675213485956192, 0.011660046875476837]",0,"[0.9065911769866943, 0.08719269931316376, 0.006216090638190508]",0.0
153,2,"[2.2830352008895716e-06, 0.03609080985188484, 0.9639068841934204]",2,"[0.0007861561025492847, 0.03655216842889786, 0.9626616835594177]",2,"[0.00039421956171281636, 0.0363214910030365, 0.9632842540740967]",2.0
154,0,"[0.8175187110900879, 0.1792861819267273, 0.0031950592529028654]",0,"[0.8020538091659546, 0.18020176887512207, 0.017744379118084908]",0,"[0.8097862601280212, 0.17974397540092468, 0.010469718836247921]",0.0
155,0,"[0.9999843835830688, 1.5550271200481802e-05, 7.050413586284776e-08]",0,"[0.6382741928100586, 0.3100382387638092, 0.051687564700841904]",0,"[0.8191292881965637, 0.1550268977880478, 0.025843817740678787]",0.0
156,0,"[0.9724927544593811, 0.017896927893161774, 0.009610275737941265]",0,"[0.8178467154502869, 0.1629198044538498, 0.01923350803554058]",0,"[0.895169734954834, 0.09040836989879608, 0.014421891421079636]",2.0
157,1,"[0.011005161330103874, 0.9490182995796204, 0.03997661918401718]",1,"[0.122043177485466, 0.7378873229026794, 0.14006948471069336]",1,"[0.06652417033910751, 0.8434528112411499, 0.09002305567264557]",1.0
158,0,"[0.8481903672218323, 0.14710308611392975, 0.004706603474915028]",1,"[0.0837249904870987, 0.6005896329879761, 0.3156854212284088]",0,"[0.4659576714038849, 0.3738463521003723, 0.16019600629806519]",0.0
159,2,"[7.00215650795144e-06, 0.0002667937951628119, 0.9997262358665466]",2,"[0.000615108700003475, 0.046641334891319275, 0.9527435898780823]",2,"[0.0003110554243903607, 0.02345406450331211, 0.9762349128723145]",2.0
160,1,"[1.613652057130821e-05, 0.9999744892120361, 9.38077846512897e-06]",1,"[0.0026040251832455397, 0.5118882060050964, 0.4855077266693115]",1,"[0.0013100808719173074, 0.7559313774108887, 0.24275855720043182]",1.0
161,2,"[0.0005343319498933852, 0.1131182461977005, 0.8863474130630493]",2,"[0.003874360816553235, 0.11304812133312225, 0.8830775618553162]",2,"[0.0022043464705348015, 0.11308318376541138, 0.8847124576568604]",2.0
162,0,"[0.9925722479820251, 0.007359176874160767, 6.865190516691655e-05]",0,"[0.7741710543632507, 0.20086388289928436, 0.024964988231658936]",0,"[0.8833716511726379, 0.10411152988672256, 0.01251681987196207]",0.0
163,1,"[0.11108627170324326, 0.8882195353507996, 0.0006942262989468873]",0,"[0.5034235119819641, 0.4210159182548523, 0.07556065171957016]",1,"[0.3072548806667328, 0.6546177268028259, 0.038127437233924866]",1.0
164,0,"[0.9999897480010986, 1.0308804121450521e-05, 4.595669622631249e-09]",0,"[0.8207341432571411, 0.165838360786438, 0.013427511788904667]",0,"[0.9103619456291199, 0.08292433619499207, 0.00671375822275877]",0.0
165,2,"[1.0199937605648302e-06, 0.00012162813800387084, 0.9998773336410522]",2,"[0.0003797184326685965, 0.010617274791002274, 0.9890030026435852]",2,"[0.00019036921730730683, 0.005369451362639666, 0.9944401979446411]",2.0
166,1,"[0.2538534998893738, 0.7406300902366638, 0.005516443867236376]",0,"[0.6226892471313477, 0.3276086449623108, 0.049702152609825134]",1,"[0.4382713735103607, 0.5341193675994873, 0.02760929800570011]",0.0
167,2,"[4.548870856524445e-05, 0.0040207901038229465, 0.9959337115287781]",2,"[0.0009268012945540249, 0.026759890839457512, 0.9723133444786072]",2,"[0.0004861449997406453, 0.015390340238809586, 0.9841235280036926]",2.0
168,2,"[1.336674813501304e-05, 0.0005493781063705683, 0.9994372725486755]",2,"[0.0004952316521666944, 0.013901512138545513, 0.9856032133102417]",2,"[0.00025429920060560107, 0.007225445006042719, 0.9925202131271362]",2.0
169,1,"[0.00015645149687770754, 0.7765724658966064, 0.22327108681201935]",2,"[0.00245198467746377, 0.2660726010799408, 0.7314754724502563]",1,"[0.0013042180798947811, 0.5213225483894348, 0.47737327218055725]",2.0
170,1,"[0.0066391839645802975, 0.9617703557014465, 0.031590547412633896]",0,"[0.7145807147026062, 0.2597084641456604, 0.02571086212992668]",1,"[0.3606099486351013, 0.6107394099235535, 0.02865070477128029]",0.0
171,0,"[0.999993085861206, 6.9323427851486485e-06, 2.7919411227372848e-09]",0,"[0.8094058036804199, 0.17929469048976898, 0.01129954680800438]",0,"[0.904699444770813, 0.08965080976486206, 0.0056497748009860516]",0.0
172,2,"[1.1089134204667062e-05, 0.00020244659390300512, 0.9997864365577698]",2,"[0.00040851152152754366, 0.018235359340906143, 0.981356143951416]",2,"[0.00020980033150408417, 0.009218903258442879, 0.9905712604522705]",2.0
173,1,"[0.08057888597249985, 0.9052870273590088, 0.014134066179394722]",1,"[0.15569131076335907, 0.786672830581665, 0.0576358325779438]",1,"[0.11813509464263916, 0.8459799289703369, 0.03588495030999184]",1.0
174,0,"[0.9706965088844299, 0.028213487938046455, 0.0010899625485762954]",0,"[0.8944065570831299, 0.09444644302129745, 0.01114700362086296]",0,"[0.9325515031814575, 0.06132996454834938, 0.006118482910096645]",0.0
175,2,"[8.5510837379843e-06, 0.0001267006591660902, 0.9998646974563599]",2,"[0.0002244296483695507, 0.007471766322851181, 0.9923037886619568]",2,"[0.0001164903660537675, 0.0037992335855960846, 0.9960842132568359]",2.0
176,2,"[4.604756668413756e-06, 0.0005608228384517133, 0.9994345307350159]",2,"[0.0007741653244011104, 0.0244672242552042, 0.9747586250305176]",2,"[0.00038938503712415695, 0.0125140231102705, 0.9870965480804443]",2.0
177,1,"[0.13005061447620392, 0.8696469068527222, 0.00030248856637626886]",0,"[0.8895670771598816, 0.09705051779747009, 0.01338236778974533]",0,"[0.5098088383674622, 0.4833487272262573, 0.006842428352683783]",0.0
178,0,"[0.9990358352661133, 0.0009641061187721789, 1.3277036714498536e-07]",0,"[0.6200256943702698, 0.36558666825294495, 0.01438754890114069]",0,"[0.8095307350158691, 0.18327538669109344, 0.00719384104013443]",1.0
179,2,"[0.0007344494806602597, 0.030700985342264175, 0.9685645699501038]",1,"[0.014796596951782703, 0.7207823991775513, 0.2644210457801819]",2,"[0.007765523158013821, 0.3757416903972626, 0.6164928078651428]",1.0
180,2,"[7.231971267174231e-06, 0.00021496221597772092, 0.9997778534889221]",2,"[0.00023662271269131452, 0.02492806501686573, 0.9748353362083435]",2,"[0.0001219273399328813, 0.012571513652801514, 0.9873065948486328]",2.0
181,2,"[0.00014727209054399282, 0.0781402438879013, 0.9217125177383423]",2,"[0.0007568438304588199, 0.037326961755752563, 0.9619162678718567]",2,"[0.00045205795322544873, 0.057733602821826935, 0.9418144226074219]",2.0
182,1,"[0.002731005661189556, 0.9830622673034668, 0.014206690713763237]",2,"[0.000622976222075522, 0.06473832577466965, 0.9346386194229126]",1,"[0.0016769908834248781, 0.5239002704620361, 0.4744226634502411]",1.0
183,0,"[0.9352535605430603, 0.05965685099363327, 0.005089610815048218]",0,"[0.5036423802375793, 0.43525418639183044, 0.06110341474413872]",0,"[0.7194479703903198, 0.24745552241802216, 0.03309651464223862]",1.0
184,2,"[5.99443865212379e-07, 0.0002231348044006154, 0.999776303768158]",2,"[0.00025290093617513776, 0.02356870099902153, 0.9761784672737122]",2,"[0.00012675019388552755, 0.011895918287336826, 0.9879773855209351]",2.0
185,0,"[0.9075138568878174, 0.09152807295322418, 0.0009581161430105567]",0,"[0.6025166511535645, 0.3508651554584503, 0.04661821573972702]",0,"[0.7550152540206909, 0.22119662165641785, 0.02378816530108452]",0.0
186,1,"[0.0644848421216011, 0.9348948001861572, 0.0006204837118275464]",1,"[0.3334597051143646, 0.5580155849456787, 0.10852468758821487]",1,"[0.19897226989269257, 0.746455192565918, 0.054572585970163345]",1.0
187,2,"[8.29830787552055e-06, 0.06340699642896652, 0.9365847110748291]",2,"[0.0009273483883589506, 0.15065503120422363, 0.8484176397323608]",2,"[0.0004678233526647091, 0.10703101754188538, 0.892501175403595]",2.0
188,1,"[0.39822715520858765, 0.5939233899116516, 0.007849518209695816]",0,"[0.5211918354034424, 0.43066903948783875, 0.04813916236162186]",1,"[0.459709495306015, 0.512296199798584, 0.027994340285658836]",2.0
189,0,"[0.5641072392463684, 0.43586161732673645, 3.1106585083762184e-05]",0,"[0.7042756676673889, 0.2714449465274811, 0.024279383942484856]",0,"[0.6341914534568787, 0.35365328192710876, 0.012155245058238506]",1.0
190,0,"[0.8795983195304871, 0.10634581744670868, 0.014055926352739334]",0,"[0.6432827711105347, 0.30525681376457214, 0.05146041139960289]",0,"[0.7614405155181885, 0.20580130815505981, 0.03275816887617111]",0.0
191,0,"[0.9999063014984131, 9.352649067295715e-05, 1.0605688771647692e-07]",0,"[0.7459438443183899, 0.22567029297351837, 0.02838584966957569]",0,"[0.8729250431060791, 0.11288190633058548, 0.014192977920174599]",1.0
192,1,"[0.018237849697470665, 0.9815536737442017, 0.00020855724869761616]",0,"[0.5857552886009216, 0.37898939847946167, 0.035255271941423416]",1,"[0.3019965589046478, 0.6802715063095093, 0.017731914296746254]",0.0
193,0,"[0.9932055473327637, 0.006685378961265087, 0.00010907187242992222]",0,"[0.7065630555152893, 0.24899059534072876, 0.04444631189107895]",0,"[0.8498842716217041, 0.12783798575401306, 0.022277692332863808]",0.0
194,1,"[0.3213713765144348, 0.6783679723739624, 0.0002606233465485275]",0,"[0.6379182934761047, 0.3218574523925781, 0.04022423177957535]",1,"[0.4796448349952698, 0.5001127123832703, 0.02024242840707302]",0.0
195,1,"[0.31132903695106506, 0.6846482157707214, 0.004022736102342606]",1,"[0.18174362182617188, 0.751671552658081, 0.06658481806516647]",1,"[0.24653632938861847, 0.7181599140167236, 0.03530377894639969]",0.0
196,0,"[0.5087867379188538, 0.48904910683631897, 0.002164100995287299]",0,"[0.6483456492424011, 0.33808133006095886, 0.013572978787124157]",0,"[0.5785661935806274, 0.4135652184486389, 0.007868539541959763]",0.0
197,0,"[0.9190887212753296, 0.0808786079287529, 3.269167063990608e-05]",0,"[0.7308480143547058, 0.23140691220760345, 0.037745047360658646]",0,"[0.8249683380126953, 0.15614275634288788, 0.018888870254158974]",0.0
198,1,"[0.0006309109157882631, 0.8210573196411133, 0.17831172049045563]",2,"[0.000512190512381494, 0.07490195333957672, 0.9245858192443848]",2,"[0.0005715506849810481, 0.4479796290397644, 0.5514487624168396]",1.0
199,0,"[0.9875735640525818, 0.01242016814649105, 6.284032224357361e-06]",0,"[0.8360802531242371, 0.1486373245716095, 0.01528245210647583]",0,"[0.9118269085884094, 0.08052874356508255, 0.00764436786994338]",1.0
200,1,"[0.00016468847752548754, 0.8625501394271851, 0.13728514313697815]",1,"[0.06180989742279053, 0.7777268886566162, 0.16046324372291565]",1,"[0.030987292528152466, 0.8201385140419006, 0.1488741934299469]",1.0
201,0,"[0.7405175566673279, 0.2554338574409485, 0.00404858635738492]",1,"[0.4329148232936859, 0.5294452905654907, 0.03763985261321068]",0,"[0.5867161750793457, 0.3924395740032196, 0.020844219252467155]",0.0
202,0,"[0.8998371958732605, 0.1001453772187233, 1.7474842024967074e-05]",0,"[0.5817928910255432, 0.3867763578891754, 0.03143075108528137]",0,"[0.7408150434494019, 0.24346086382865906, 0.01572411321103573]",0.0
203,2,"[0.1628575474023819, 0.3837506175041199, 0.45339179039001465]",0,"[0.8036224246025085, 0.18058951199054718, 0.015788093209266663]",0,"[0.4832399785518646, 0.28217005729675293, 0.23458993434906006]",0.0
204,2,"[6.258401845116168e-05, 0.001305645564571023, 0.9986317753791809]",2,"[0.0008064467110671103, 0.09149906784296036, 0.9076944589614868]",2,"[0.0004345153574831784, 0.04640235751867294, 0.9531631469726562]",2.0
205,2,"[5.299609711073572e-06, 0.0007142325048334897, 0.9992805123329163]",2,"[0.0006396758835762739, 0.05829417333006859, 0.9410661458969116]",2,"[0.0003224877582397312, 0.0295042023062706, 0.9701733589172363]",2.0
206,2,"[1.5558511279323284e-07, 7.116582855815068e-05, 0.9999287128448486]",2,"[0.0002724201767705381, 0.014737910591065884, 0.9849896430969238]",2,"[0.0001362878829240799, 0.007404538337141275, 0.9924591779708862]",2.0
207,0,"[0.8726653456687927, 0.11603451520204544, 0.01130015216767788]",0,"[0.7741194367408752, 0.1671057790517807, 0.058774806559085846]",0,"[0.823392391204834, 0.14157015085220337, 0.03503748029470444]",0.0
208,1,"[0.19710926711559296, 0.7808190584182739, 0.022071588784456253]",0,"[0.7875964045524597, 0.17577002942562103, 0.036633603274822235]",0,"[0.49235284328460693, 0.4782945513725281, 0.029352596029639244]",0.0
209,2,"[3.630814944699523e-06, 0.0008018880616873503, 0.9991944432258606]",2,"[0.0002497782406862825, 0.017017200589179993, 0.9827330112457275]",2,"[0.00012670452997554094, 0.008909543976187706, 0.9909636974334717]",2.0
210,1,"[0.435232549905777, 0.564346432685852, 0.00042101621511392295]",1,"[0.46903738379478455, 0.507122278213501, 0.023840289562940598]",1,"[0.45213496685028076, 0.5357343554496765, 0.01213065255433321]",1.0
211,1,"[0.47529882192611694, 0.5021979212760925, 0.02250329963862896]",2,"[0.0013337230775505304, 0.13824066519737244, 0.8604256510734558]",2,"[0.23831626772880554, 0.3202192783355713, 0.44146448373794556]",2.0
212,1,"[0.30951127409935, 0.6904465556144714, 4.2132149246754125e-05]",0,"[0.5381478667259216, 0.44408801198005676, 0.017764130607247353]",1,"[0.4238295555114746, 0.5672672986984253, 0.008903131820261478]",0.0
213,1,"[0.08067174255847931, 0.8777804374694824, 0.04154777154326439]",1,"[0.3783515989780426, 0.5507692694664001, 0.07087914645671844]",1,"[0.22951167821884155, 0.7142748832702637, 0.056213460862636566]",1.0
214,1,"[0.023739736527204514, 0.9758731126785278, 0.0003872084489557892]",1,"[0.16129210591316223, 0.7217084765434265, 0.11699941754341125]",1,"[0.09251592308282852, 0.8487907648086548, 0.05869331210851669]",1.0
215,2,"[0.0001271233631996438, 0.3659246563911438, 0.6339482069015503]",1,"[0.013270534574985504, 0.715603768825531, 0.2711257040500641]",1,"[0.006698829121887684, 0.5407642126083374, 0.452536940574646]",2.0
216,2,"[3.7205231819825713e-06, 6.89743465045467e-05, 0.999927282333374]",2,"[0.0002449479652568698, 0.024311909452080727, 0.9754431247711182]",2,"[0.0001243342412635684, 0.012190441600978374, 0.9876852035522461]",2.0
217,2,"[4.10090478908387e-06, 8.774913294473663e-05, 0.9999080896377563]",2,"[0.00032478649518452585, 0.013949597254395485, 0.9857256412506104]",2,"[0.00016444369975943118, 0.007018673233687878, 0.9928168654441833]",2.0
218,0,"[0.8940616846084595, 0.1056668758392334, 0.0002714633592404425]",0,"[0.620614767074585, 0.35540932416915894, 0.023975927382707596]",0,"[0.7573382258415222, 0.23053810000419617, 0.012123695574700832]",0.0
219,0,"[0.9997095465660095, 0.00028870668029412627, 1.6859215747899725e-06]",1,"[0.3901629149913788, 0.530159056186676, 0.07967803627252579]",0,"[0.694936215877533, 0.265223890542984, 0.039839860051870346]",0.0
220,2,"[4.871925284533063e-06, 0.0002289015828864649, 0.9997662901878357]",2,"[0.0006051731761544943, 0.05511828139424324, 0.9442765116691589]",2,"[0.0003050225495826453, 0.027673590928316116, 0.9720214009284973]",2.0
221,0,"[0.9981924891471863, 0.0018016381654888391, 5.785791472590063e-06]",0,"[0.753231942653656, 0.22683577239513397, 0.019932296127080917]",0,"[0.8757122159004211, 0.11431870609521866, 0.009969040751457214]",1.0
222,2,"[5.729680196964182e-06, 0.00020399490313138813, 0.9997902512550354]",2,"[0.0003738066297955811, 0.02515977807343006, 0.9744663834571838]",2,"[0.00018976815044879913, 0.012681886553764343, 0.9871283173561096]",2.0
223,2,"[6.803071300964803e-05, 0.0828218087553978, 0.9171102046966553]",1,"[0.014708539471030235, 0.8936865925788879, 0.09160482883453369]",2,"[0.007388284895569086, 0.488254189491272, 0.5043575167655945]",1.0
224,2,"[1.6586800484219566e-05, 0.11745677888393402, 0.8825266361236572]",2,"[0.0003470944648142904, 0.06623326241970062, 0.9334196448326111]",2,"[0.00018184063083026558, 0.09184502065181732, 0.9079731702804565]",2.0
225,0,"[0.9997970461845398, 0.0002022119879256934, 7.498251193283068e-07]",0,"[0.9440890550613403, 0.04590049386024475, 0.01001047994941473]",0,"[0.9719430208206177, 0.02305135317146778, 0.005005614832043648]",0.0
226,2,"[3.549913162714802e-05, 0.01249015610665083, 0.9874743223190308]",2,"[0.0005009034648537636, 0.04381333664059639, 0.9556857347488403]",2,"[0.00026820128550753, 0.028151746839284897, 0.9715800285339355]",2.0
227,1,"[0.010966305620968342, 0.9890215992927551, 1.2172487913630903e-05]",1,"[0.16188277304172516, 0.770270049571991, 0.06784720718860626]",1,"[0.08642453700304031, 0.879645824432373, 0.03392969071865082]",0.0
228,0,"[0.5042663812637329, 0.4955545663833618, 0.00017912873590830714]",0,"[0.704820990562439, 0.27303293347358704, 0.022146029397845268]",0,"[0.6045436859130859, 0.38429373502731323, 0.01116257905960083]",0.0
229,1,"[0.011319771409034729, 0.9700382947921753, 0.018641969189047813]",0,"[0.8436709046363831, 0.13358068466186523, 0.022748352959752083]",1,"[0.4274953305721283, 0.5518094897270203, 0.020695161074399948]",1.0
230,0,"[0.7896122336387634, 0.2099718302488327, 0.0004159993550274521]",0,"[0.6920313835144043, 0.2728607952594757, 0.035107821226119995]",0,"[0.7408218383789062, 0.2414163053035736, 0.01776191033422947]",1.0
231,0,"[0.7836546897888184, 0.1879173219203949, 0.02842801995575428]",0,"[0.5065534114837646, 0.45787349343299866, 0.03557316213846207]",0,"[0.6451040506362915, 0.3228954076766968, 0.0320005901157856]",1.0
232,1,"[0.008438616059720516, 0.9672882556915283, 0.024273153394460678]",1,"[0.06624694168567657, 0.8034083843231201, 0.13034464418888092]",1,"[0.03734277933835983, 0.8853483200073242, 0.07730890065431595]",2.0
233,1,"[0.03782891482114792, 0.9601035118103027, 0.002067645313218236]",1,"[0.03179440274834633, 0.7611038684844971, 0.2071017622947693]",1,"[0.03481166064739227, 0.8606036901473999, 0.104584701359272]",1.0
234,0,"[0.9998869895935059, 0.00011281661863904446, 2.6071393222082406e-07]",0,"[0.6712474822998047, 0.3019624948501587, 0.026790019124746323]",0,"[0.8355672359466553, 0.15103764832019806, 0.013395139947533607]",0.0
235,1,"[0.07533490657806396, 0.8798377513885498, 0.04482732713222504]",1,"[0.037663981318473816, 0.8738609552383423, 0.08847498148679733]",1,"[0.05649944394826889, 0.876849353313446, 0.06665115058422089]",1.0
236,0,"[0.992045521736145, 0.007888508029282093, 6.603066867683083e-05]",0,"[0.6325933337211609, 0.32654497027397156, 0.04086160659790039]",0,"[0.8123193979263306, 0.1672167330980301, 0.020463818684220314]",0.0
237,2,"[3.601228672778234e-05, 0.03679836168885231, 0.9631655812263489]",2,"[0.0014142586151137948, 0.19692330062389374, 0.8016624450683594]",2,"[0.0007251354400068521, 0.11686082929372787, 0.8824139833450317]",2.0
238,0,"[0.886742889881134, 0.07182316482067108, 0.0414339043200016]",0,"[0.6740548014640808, 0.2475033700466156, 0.0784417986869812]",0,"[0.7803988456726074, 0.15966325998306274, 0.05993784964084625]",2.0
239,2,"[2.775911707431078e-05, 0.0002362794621149078, 0.9997358918190002]",2,"[0.0028695561923086643, 0.16342370212078094, 0.8337067365646362]",2,"[0.0014486575964838266, 0.0818299874663353, 0.9167213439941406]",2.0
240,2,"[0.0004938027705065906, 0.24868619441986084, 0.7508200407028198]",1,"[0.00262062787078321, 0.7577204704284668, 0.23965883255004883]",1,"[0.0015572153497487307, 0.5032033324241638, 0.4952394366264343]",2.0
241,2,"[0.0041820029728114605, 0.13080847263336182, 0.8650095462799072]",2,"[0.0036749818827956915, 0.35693269968032837, 0.6393922567367554]",2,"[0.003928492311388254, 0.2438705861568451, 0.7522009015083313]",1.0
242,0,"[0.998104453086853, 0.001894734101369977, 8.471939736409695e-07]",0,"[0.8629423975944519, 0.10794544219970703, 0.029112113639712334]",0,"[0.9305233955383301, 0.05492008849978447, 0.014556480571627617]",0.0
243,2,"[0.001931641367264092, 0.201239675283432, 0.7968287467956543]",1,"[0.14812032878398895, 0.7240636944770813, 0.12781599164009094]",1,"[0.07502598315477371, 0.46265166997909546, 0.4623223543167114]",2.0
244,2,"[1.17282240807981e-06, 0.0006794664077460766, 0.999319314956665]",2,"[0.0002722938952501863, 0.017021875828504562, 0.98270583152771]",2,"[0.0001367333607049659, 0.008850671350955963, 0.9910125732421875]",2.0
245,0,"[0.6857563257217407, 0.31423941254615784, 4.216366960463347e-06]",0,"[0.8373640775680542, 0.1452760249376297, 0.017359880730509758]",0,"[0.7615602016448975, 0.22975772619247437, 0.008682048879563808]",1.0
246,1,"[0.18478746712207794, 0.807056725025177, 0.00815580040216446]",1,"[0.0550212636590004, 0.7501118183135986, 0.1948668360710144]",1,"[0.11990436911582947, 0.7785842418670654, 0.10151131451129913]",1.0
247,2,"[2.1561725588981062e-05, 0.0018240403151139617, 0.99815434217453]",2,"[0.0052873739041388035, 0.1258929967880249, 0.8688195943832397]",2,"[0.002654467709362507, 0.0638585165143013, 0.9334869384765625]",2.0
248,1,"[0.0026123779825866222, 0.9968461394309998, 0.0005414619809016585]",1,"[0.05164938420057297, 0.8466928601264954, 0.10165775567293167]",1,"[0.02713088132441044, 0.9217694997787476, 0.05109960958361626]",1.0
249,1,"[0.07698478549718857, 0.9208327531814575, 0.002182526048272848]",0,"[0.7149084806442261, 0.2607037127017975, 0.024387910962104797]",1,"[0.3959466218948364, 0.5907682180404663, 0.013285218738019466]",2.0
250,2,"[0.00024544948246330023, 0.33512717485427856, 0.6646273732185364]",1,"[0.009435934945940971, 0.8908287286758423, 0.09973535686731339]",1,"[0.004840692039579153, 0.6129779815673828, 0.3821813762187958]",2.0
251,1,"[0.0002634354750625789, 0.6661836504936218, 0.33355289697647095]",2,"[0.0005649071536026895, 0.021415507420897484, 0.9780195951461792]",2,"[0.0004141713143326342, 0.3437995910644531, 0.6557862758636475]",2.0
252,2,"[0.0037973884027451277, 0.2107613980770111, 0.7854412198066711]",1,"[0.18471676111221313, 0.6296446919441223, 0.18563847243785858]",2,"[0.09425707161426544, 0.4202030301094055, 0.48553985357284546]",1.0
253,1,"[0.34306010603904724, 0.649641752243042, 0.007298210170120001]",1,"[0.2480529397726059, 0.7019099593162537, 0.050037089735269547]",1,"[0.29555651545524597, 0.6757758855819702, 0.028667649254202843]",1.0
254,0,"[0.9570760726928711, 0.042698878794908524, 0.00022505329980049282]",0,"[0.5378448963165283, 0.42093315720558167, 0.04122193530201912]",0,"[0.7474604845046997, 0.23181602358818054, 0.0207234937697649]",1.0
255,2,"[9.734827699503512e-07, 0.00014054469647817314, 0.9998584985733032]",2,"[0.0008704931824468076, 0.09390054643154144, 0.9052289128303528]",2,"[0.0004357333236839622, 0.04702054709196091, 0.9525437355041504]",2.0
256,1,"[0.015691407024860382, 0.983373761177063, 0.0009347774903289974]",0,"[0.815687894821167, 0.16635458171367645, 0.017957476899027824]",1,"[0.4156896471977234, 0.5748641490936279, 0.009446127340197563]",0.0
257,0,"[0.9999737739562988, 2.627705362101551e-05, 3.922994817884273e-09]",0,"[0.8069002628326416, 0.16959057748317719, 0.023509159684181213]",0,"[0.9034370183944702, 0.08480842411518097, 0.011754581704735756]",0.0
258,1,"[0.0007579278899356723, 0.9934237003326416, 0.005818333942443132]",1,"[0.057670921087265015, 0.8061586618423462, 0.13617035746574402]",1,"[0.02921442501246929, 0.8997911810874939, 0.07099434733390808]",1.0
259,0,"[0.9855523705482483, 0.014417684637010098, 2.9954426281619817e-05]",0,"[0.8556089401245117, 0.12924571335315704, 0.015145405195653439]",0,"[0.9205806255340576, 0.07183169573545456, 0.007587679661810398]",1.0
260,1,"[0.07327082008123398, 0.9266618490219116, 6.73347240081057e-05]",0,"[0.6655095219612122, 0.3167880177497864, 0.017702488228678703]",1,"[0.3693901598453522, 0.6217249631881714, 0.008884911425411701]",0.0
261,0,"[0.9861559271812439, 0.013842500746250153, 1.5952848571032519e-06]",1,"[0.06622549146413803, 0.8768793344497681, 0.05689522251486778]",0,"[0.5261906981468201, 0.44536092877388, 0.028448408469557762]",1.0
262,2,"[1.4680361346108839e-05, 0.0006615234888158739, 0.999323844909668]",2,"[0.0006604791851714253, 0.11476390063762665, 0.8845756649971008]",2,"[0.0003375797823537141, 0.05771271139383316, 0.941949725151062]",2.0
263,0,"[0.9633474349975586, 0.03660429269075394, 4.8251295083900914e-05]",0,"[0.7615216970443726, 0.2167368084192276, 0.021741457283496857]",0,"[0.8624345660209656, 0.12667055428028107, 0.010894854553043842]",0.0
264,1,"[0.4458061456680298, 0.4717404246330261, 0.08245342969894409]",1,"[0.16540968418121338, 0.7631848454475403, 0.07140547037124634]",1,"[0.3056079149246216, 0.6174626350402832, 0.07692945003509521]",0.0
265,1,"[0.3413844704627991, 0.6577817797660828, 0.000833807687740773]",0,"[0.4942414462566376, 0.45857948064804077, 0.04717904329299927]",1,"[0.41781294345855713, 0.5581806302070618, 0.024006426334381104]",0.0
266,2,"[4.774007902597077e-05, 0.006054113153368235, 0.9938981533050537]",2,"[0.002255622996017337, 0.08959206193685532, 0.9081522822380066]",2,"[0.0011516815284267068, 0.04782308638095856, 0.9510252475738525]",2.0
267,0,"[0.9270862340927124, 0.07289973646402359, 1.4055684005143121e-05]",0,"[0.8686167597770691, 0.11288059502840042, 0.01850259304046631]",0,"[0.8978514671325684, 0.092890165746212, 0.009258324280381203]",0.0
268,0,"[0.9999973773956299, 2.5747813197085634e-06, 1.3790631747667703e-08]",0,"[0.9026508927345276, 0.07721766829490662, 0.020131463184952736]",0,"[0.9513241052627563, 0.038610123097896576, 0.01006573811173439]",0.0
269,1,"[0.03940156102180481, 0.9521486759185791, 0.008449796587228775]",0,"[0.6605700254440308, 0.2871395945549011, 0.052290432155132294]",1,"[0.3499857783317566, 0.6196441650390625, 0.030370114371180534]",1.0
270,2,"[0.004059480037540197, 0.3250516355037689, 0.6708889007568359]",1,"[0.14591650664806366, 0.7673007845878601, 0.08678270876407623]",1,"[0.07498799264431, 0.5461761951446533, 0.3788357973098755]",2.0
271,2,"[0.004533243831247091, 0.09949474036693573, 0.8959720134735107]",2,"[0.001998055260628462, 0.3709113597869873, 0.627090573310852]",2,"[0.0032656495459377766, 0.23520305752754211, 0.7615312933921814]",2.0
272,2,"[0.011595921590924263, 0.0914527177810669, 0.8969513177871704]",1,"[0.012876548804342747, 0.7679386734962463, 0.21918480098247528]",2,"[0.012236235663294792, 0.4296956956386566, 0.558068037033081]",1.0
273,2,"[2.0880295778624713e-05, 0.0044208369217813015, 0.9955582618713379]",2,"[0.001848294516094029, 0.3574693202972412, 0.6406823396682739]",2,"[0.000934587384108454, 0.18094508349895477, 0.8181203007698059]",1.0
274,2,"[7.793344138917746e-07, 7.798102160450071e-05, 0.9999212026596069]",2,"[0.0003662177186924964, 0.005027185659855604, 0.9946066737174988]",2,"[0.00018349853053223342, 0.00255258334800601, 0.9972639083862305]",2.0
275,1,"[0.04621238261461258, 0.5474941730499268, 0.4062933921813965]",1,"[0.031529419124126434, 0.7359210252761841, 0.2325495034456253]",1,"[0.03887090086936951, 0.6417075991630554, 0.3194214403629303]",1.0
276,1,"[0.0006067526992410421, 0.6271141171455383, 0.3722791075706482]",2,"[0.0008977876277640462, 0.06868776679039001, 0.9304144382476807]",2,"[0.0007522701635025442, 0.347900927066803, 0.6513468027114868]",2.0
277,0,"[0.9102271795272827, 0.08961544930934906, 0.00015732472820673138]",0,"[0.7955495715141296, 0.1800372451543808, 0.024413201957941055]",0,"[0.8528883457183838, 0.13482634723186493, 0.012285263277590275]",0.0
278,0,"[0.9951555728912354, 0.0048360382206737995, 8.389304639422335e-06]",0,"[0.7264206409454346, 0.2505784332752228, 0.02300094999372959]",0,"[0.860788106918335, 0.12770724296569824, 0.011504669673740864]",0.0
279,2,"[0.001605079509317875, 0.019961180165410042, 0.9784337878227234]",1,"[0.2975310683250427, 0.6077091693878174, 0.09475981444120407]",2,"[0.1495680809020996, 0.31383517384529114, 0.5365967750549316]",2.0
280,1,"[0.001712910016067326, 0.9952653646469116, 0.0030217550229281187]",1,"[0.08480715751647949, 0.8085131645202637, 0.10667965561151505]",1,"[0.043260034173727036, 0.9018892645835876, 0.054850704967975616]",1.0
281,1,"[0.04885053262114525, 0.6189959049224854, 0.3321536183357239]",1,"[0.00803198292851448, 0.6529825329780579, 0.33898550271987915]",1,"[0.028441257774829865, 0.6359891891479492, 0.3355695605278015]",1.0
282,1,"[0.045030150562524796, 0.9549411535263062, 2.867687726393342e-05]",1,"[0.4150315821170807, 0.5356171131134033, 0.04935131222009659]",1,"[0.2300308644771576, 0.7452791333198547, 0.024689994752407074]",1.0
283,0,"[0.6267271637916565, 0.3294282555580139, 0.04384458437561989]",0,"[0.8298681974411011, 0.15093836188316345, 0.01919340342283249]",0,"[0.7282977104187012, 0.24018330872058868, 0.03151899576187134]",0.0
284,2,"[1.5184531548584346e-05, 0.017680466175079346, 0.9823043346405029]",2,"[0.0011234520934522152, 0.174686998128891, 0.8241895437240601]",2,"[0.0005693183047696948, 0.09618373215198517, 0.9032469391822815]",2.0
285,2,"[5.600549775408581e-05, 0.008968365378677845, 0.9909756779670715]",2,"[0.00021860975539311767, 0.020500423386693, 0.979280948638916]",2,"[0.00013730762293562293, 0.01473439484834671, 0.9851282835006714]",2.0
286,2,"[1.1436615750426427e-05, 0.0012863175943493843, 0.9987022876739502]",2,"[0.000774033076595515, 0.02307996340095997, 0.9761459827423096]",2,"[0.00039273485890589654, 0.012183140963315964, 0.9874241352081299]",1.0
287,2,"[8.518015238223597e-05, 0.048932578414678574, 0.9509822726249695]",2,"[0.0010066545801237226, 0.024712814018130302, 0.9742805361747742]",2,"[0.0005459173698909581, 0.03682269528508186, 0.9626314043998718]",2.0
288,0,"[0.9130266904830933, 0.08681883662939072, 0.00015445095777977258]",0,"[0.6570331454277039, 0.2899731397628784, 0.0529937781393528]",0,"[0.7850298881530762, 0.18839599192142487, 0.026574114337563515]",0.0
289,0,"[0.9986080527305603, 0.0013895146548748016, 2.45239812102227e-06]",0,"[0.8991740942001343, 0.08680930733680725, 0.014016605913639069]",0,"[0.9488910436630249, 0.044099412858486176, 0.007009529042989016]",0.0
290,1,"[0.03570711985230446, 0.4952832758426666, 0.4690095782279968]",2,"[0.0017308288952335715, 0.29284727573394775, 0.7054219245910645]",2,"[0.01871897466480732, 0.394065260887146, 0.587215781211853]",2.0
291,1,"[0.0022767602931708097, 0.559177041053772, 0.43854621052742004]",2,"[0.0018843227298930287, 0.10495109856128693, 0.8931645750999451]",2,"[0.00208054156973958, 0.33206406235694885, 0.6658554077148438]",1.0
292,2,"[0.011206862516701221, 0.1534813642501831, 0.8353118300437927]",1,"[0.06149829179048538, 0.6577956676483154, 0.280705988407135]",2,"[0.036352578550577164, 0.40563851594924927, 0.5580089092254639]",2.0
293,1,"[0.026803286746144295, 0.7447699904441833, 0.2284267693758011]",1,"[0.2787281274795532, 0.630554735660553, 0.09071715921163559]",1,"[0.15276570618152618, 0.6876623630523682, 0.15957196056842804]",1.0
294,0,"[0.9958100318908691, 0.004159114323556423, 3.0811410397291183e-05]",0,"[0.9408895373344421, 0.046080321073532104, 0.013030190020799637]",0,"[0.968349814414978, 0.02511971816420555, 0.006530500948429108]",0.0
295,1,"[0.0548819862306118, 0.9443324208259583, 0.0007855793228372931]",1,"[0.2601766288280487, 0.6506915092468262, 0.08913193643093109]",1,"[0.1575293093919754, 0.7975119352340698, 0.04495875909924507]",0.0
296,0,"[0.9962760210037231, 0.003718638326972723, 5.403045179264154e-06]",0,"[0.8251708745956421, 0.15988685190677643, 0.01494225487112999]",0,"[0.9107234477996826, 0.08180274814367294, 0.007473828736692667]",1.0
297,2,"[7.583221304230392e-05, 0.009618956595659256, 0.9903051853179932]",2,"[0.001387667958624661, 0.3646685779094696, 0.6339437961578369]",2,"[0.0007317501003853977, 0.18714377284049988, 0.812124490737915]",1.0
298,2,"[1.6724987972338567e-06, 7.511236617574468e-05, 0.9999232292175293]",2,"[0.0002839228545781225, 0.024668853729963303, 0.97504723072052]",2,"[0.0001427976822014898, 0.012371983379125595, 0.9874852299690247]",2.0
299,2,"[0.004502440337091684, 0.016064122319221497, 0.9794334173202515]",1,"[0.03296294063329697, 0.7296831011772156, 0.23735392093658447]",2,"[0.018732691183686256, 0.37287360429763794, 0.608393669128418]",1.0
